frequency_thz,waist_mm,aperture_throughput,total_coupled_fraction,total_output_power_fraction,dominant_mode,dominant_output_fraction
0.1,3.7569646923125535,0.13211443061058337,0.05343111512480359,0.034525064065723435,TE11,0.034525064065723435
0.12000000000000001,3.1308039102604606,0.18457137515937094,0.10698587625352579,0.08175005263308295,TE11,0.08175005263308295
0.14,2.683546208794681,0.2424933742754134,0.16160072015801083,0.1301607997617236,TE11,0.1301607997617236
0.16,2.3481029326953458,0.3042328561869784,0.2190382613056727,0.1809559724832729,TE11,0.1809559724832729
0.18,2.0872026068403073,0.36814359243042094,0.27871663166731925,0.23351847046937635,TE11,0.23351847046937635
0.2,1.8784823461562767,0.4326515547112555,0.3429331461857977,0.2886829445785224,TE11,0.2868709032550029
0.22,1.707711223778433,0.4963157839240697,0.40457822048778386,0.3425153963520924,TE11,0.3399668882667242
0.24000000000000002,1.5654019551302303,0.5578762840613833,0.4658692331861836,0.39543553487892646,TE11,0.39179681238241054
0.26,1.444986420120213,0.6162872070520486,0.5311636403997878,0.44799071970258364,TE11,0.44144093611439655
0.28,1.3417731043973404,0.6707348676067941,0.5939455215375485,0.5011402166903473,TE11,0.4881002398854838
0.30000000000000004,1.252321564104184,0.7206412971457127,0.6504840242789097,0.5491930375367643,TE11,0.5311142192228455
0.32,1.1740514663476729,0.7656550145303874,0.7018665874785927,0.5923673862682234,TE11,0.5699692105352107
0.3399999999999999,1.1049896153860452,0.8056313932157616,0.7531100998510638,0.6314188961941246,TE11,0.6042991601688323
0.36,1.0436013034201537,0.8406054103943392,0.7921090561280982,0.6651202546424657,TE11,0.6338802544181876
0.38,0.9886749190296192,0.8707596791721208,0.8280281113087664,0.6937743761726171,TE11,0.6586206939020157
0.4,0.9392411730781384,0.8963905242125937,0.8594060595847901,0.7178381964960217,TE11,0.678546851317305
0.42000000000000004,0.8945154029315601,0.9178745196555637,0.8875936082406141,0.7379123691585013,TE11,0.6937870019276631
0.44000000000000006,0.8538556118892165,0.9356374315906238,0.9107924985161611,0.754123376796923,TE11,0.7045537312599374
0.45999999999999996,0.8167314548505551,0.9501269638835059,0.929896743044268,0.7665645491375463,TE11,0.7111260011465408
0.48,0.7827009775651154,0.961790157634996,0.9455204445148926,0.7757418293397575,TE11,0.7138317016167897
0.5,0.7513929384625107,0.9710557912406175,0.9592220562017678,0.7823425221138837,TE11,0.7130313446679376
0.52,0.7224932100601065,0.9783217053394869,0.9689320250902348,0.7864130176127636,TE11,0.7091033797156091
0.54,0.6957342022801023,0.9839466547569046,0.9767597434833869,0.7885349358558914,TE11,0.702431441207607
0.56,0.6708865521986702,0.9882460734164299,0.9829448897683879,0.7891109424968679,TE11,0.6933936856881745
0.58,0.6477525331573368,0.991491022032724,0.9877680414753264,0.7885034254047074,TE11,0.6823542448308075
0.6,0.6261607820520922,0.9939095578573331,0.9913871729128685,0.7869594239258696,TE11,0.6696567160516967
0.62,0.605962047147186,0.9956898017917231,0.9940962108962146,0.7847215824893463,TE11,0.6556195341513829
0.64,0.5870257331738364,0.9969840602620375,0.9963962508546919,0.7820035511176945,TE11,0.6405330148257377
0.66,0.5692370745928113,0.9979134678806291,0.9976744842429063,0.7789723701978771,TE11,0.6246578311626486
0.6799999999999998,0.5524948076930226,0.9985727354245733,0.9985727354245731,0.7756405863094814,TE11,0.608147914280748
0.7,0.5367092417589362,0.999034703133391,0.9990347031333914,0.7721030084013837,TE11,0.5911945334977257
0.72,0.5218006517100768,0.9993545028880398,0.99935450288804,0.7686098624673646,TE11,0.5741063425833768
0.74,0.5076979313935883,0.999573219362351,0.999573219362351,0.7652105899824442,TE11,0.5570228983261362
0.76,0.4943374595148096,0.9997210077690082,0.9997210077690083,0.7619291801121784,TE11,0.5400547605344715
0.78,0.48166214004007096,0.9998196747641066,0.9998196747641066,0.7587813451265877,TE11,0.5232941618316593
0.8,0.4696205865390692,0.9998847614180301,0.99988476141803,0.7557691758081946,TE11,0.5068118955051798
0.82,0.45816642589177486,0.9999271857635831,0.9999271857635833,0.7529116180880968,TE11,0.49067996250678486
0.84,0.44725770146578014,0.9999545104447365,0.9999545104447364,0.7501944138711437,TE11,0.4749362021128804
0.86,0.4368563595712271,0.9999719014389677,0.9999719014389676,0.7476150133672111,TE11,0.45961671028300455
0.88,0.4269278059446083,0.9999828393605898,0.9999828393605898,0.7451674965825654,TE11,0.44474663365327216
0.9,0.4174405213680614,0.9999896376120083,0.9999896376120084,0.7428446910964129,TE11,0.4303425500200085
0.92,0.40836572742527744,0.9999938132405534,0.9999938132405535,0.7406385627813259,TE11,0.41641374841699386
0.94,0.39967709492686737,0.9999963478920303,0.9999963478920304,0.7385404849310172,TE11,0.402963436460454
0.96,0.3913504887825577,0.9999978684232036,0.9999978684232036,0.7365436866137082,TE11,0.38999103187299833
0.98,0.38336374411352586,0.999998769914336,0.9999987699143361,0.7346392521805897,TE11,0.3774908506515464
1.0,0.3756964692312553,0.9999992981460839,0.9999992981460841,0.7328200412131727,TE11,0.36545497437540675
1.02,0.36832987179534826,0.9999996040547883,0.9999996040547885,0.7310791443385816,TE11,0.3538730843945706
1.04,0.36124660503005324,0.9999997791484455,0.9999997791484455,0.7294101311330081,TE11,0.34273315661798937
1.06,0.3544306313502409,0.9999998782012524,0.9999998782012521,0.7278070639899747,TE11,0.33202194515403527
1.08,0.34786710114005115,0.9999999335856108,0.9999999335856107,0.7262644961226024,TE11,0.32172537892481357
1.1,0.3415422447556867,0.9999999641937747,0.9999999641937748,0.7247774484192696,TE11,0.31182887876375975
1.12,0.3354432760993351,0.9999999809132539,0.9999999809132539,0.7233413964093685,TE11,0.3023176182588171
1.1400000000000003,0.3295583063432064,0.9999999899403644,0.9999999899403642,0.7219522147367061,TE11,0.2931767139889865
1.1600000000000001,0.32387626657866836,0.9999999947578482,0.9999999947578482,0.7206061668707744,TE11,0.284391391858545
1.1800000000000002,0.3183868383315723,0.9999999972990662,0.9999999972990662,0.7192998651332057,TE11,0.2759471039724215
1.2000000000000002,0.313080391026046,0.9999999986240733,0.9999999986240731,0.7180302405003869,TE11,0.2678296194323995
1.2200000000000002,0.30794792559938955,0.9999999993069675,0.9999999993069676,0.7167945133387115,TE11,0.26002509070048657
1.2400000000000002,0.30298102357359297,0.9999999996548651,0.9999999996548651,0.7155901659958345,TE11,0.25252010052364415
1.26,0.29817180097718676,0.9999999998300578,0.9999999998300576,0.7144149176224311,TE11,0.24530169343703562
1.28,0.2935128665869182,0.9999999999172647,0.9999999999172648,0.7132667005223828,TE11,0.23835739483265125
1.3,0.2889972840240426,0.9999999999601749,0.9999999999601749,0.7121436393022547,TE11,0.23167522070806149
1.32,0.2846185372964056,0.999999999981046,0.999999999981046,0.7110440314888627,TE11,0.22524367981205135
1.34,0.28037049942631,0.9999999999910809,0.9999999999910808,0.7099663301878311,TE11,0.21905177016730626
1.36,0.27624740384651125,0.9999999999958503,0.9999999999958502,0.7089091284513717,TE11,0.2130889712942428
1.38,0.27224381828351835,0.9999999999980911,0.9999999999980912,0.7078711452346726,TE12,0.20956240202849633
1.4000000000000001,0.26835462087946804,0.9999999999991318,0.9999999999991318,0.7068512127987969,TE12,0.2099677304515888
1.4200000000000002,0.26457497833186994,0.9999999999996095,0.9999999999996095,0.7058482654342303,TE12,0.21018800644678873
1.4400000000000002,0.2609003258550384,0.9999999999998264,0.9999999999998266,0.7048613293503447,TE12,0.2102352271356231
1.4600000000000002,0.25732634878853106,0.9999999999999237,0.9999999999999237,0.7038895136457284,TE12,0.21012093032592047
1.4800000000000002,0.2538489656967941,0.9999999999999668,0.9999999999999668,0.7029320022199346,TE12,0.20985617761122885
1.5000000000000002,0.2504643128208368,0.9999999999999858,0.9999999999999859,0.7019880465383103,TE12,0.20945154453236284
1.52,0.2471687297574048,0.9999999999999939,0.9999999999999937,0.7010569591553474,TE12,0.2089171166397133
1.54,0.2439587462540619,0.9999999999999974,0.9999999999999976,0.7001381079132015,TE12,0.20826249044164047
1.56,0.24083107002003548,0.9999999999999989,0.9999999999999992,0.6992309107482246,TE12,0.2074967783589378
1.58,0.23778257546281983,0.9999999999999996,0.9999999999999993,0.6983348310213698,TE12,0.20662861691697262
1.6,0.2348102932695346,0.9999999999999998,1.0000000000000002,0.6974493733401148,TE12,0.20566617752654684
1.62,0.23191140076003416,0.9999999999999999,1.0,0.6965740797967657,TE12,0.20461717928407722
1.6400000000000003,0.22908321294588738,1.0,1.0000000000000002,0.6957085265883292,TE12,0.20348890331509817
1.6600000000000001,0.22632317423569592,1.0,1.0000000000000002,0.6948523209737105,TE12,0.20228820825367552
1.6800000000000002,0.22362885073289002,1.0,1.0000000000000002,0.6940050985320881,TE12,0.20102154651515494
1.7000000000000002,0.220997923077209,1.0,1.0000000000000002,0.693166520689334,TE12,0.19969498107486824
1.7200000000000002,0.21842817978561355,1.0,0.9999999999999999,0.6923362724886448,TE12,0.19831420251520634
1.7400000000000002,0.21591751105244555,1.0,1.0000000000000002,0.6915140605681713,TE12,0.19688454614029355
1.7600000000000002,0.21346390297230414,1.0,0.9999999999999998,0.6906996113389717,TE12,0.19541100900125882
1.78,0.21106543215239068,1.0,1.0,0.689892669331016,TE12,0.1938982666977409
1.8,0.2087202606840307,1.0,1.0000000000000002,0.6890929956948681,TE12,0.19235068985258696
1.82,0.20642663144574472,1.0,1.0,0.6883003668420314,TE12,0.1907723601771497
1.84,0.20418286371263872,1.0,1.0,0.6875145732091027,TE12,0.18916708606365884
1.86,0.20198734904906196,1.0,1.0,0.686735418139434,TE12,0.18753841765906243
1.88,0.19983854746343369,1.0,1.0,0.6859627168543863,TE12,0.18588966138185156
1.9000000000000001,0.19773498380592383,1.0,1.0000000000000002,0.685196295528892,TE12,0.18422389386601498
1.9200000000000002,0.19567524439127879,1.0,1.0,0.6844359904409911,TE12,0.18254397531288463
1.9400000000000002,0.19365797383054398,1.0,0.9999999999999999,0.6836816471982425,TE12,0.18085256224825152
1.9600000000000002,0.19168187205676288,1.0,1.0000000000000002,0.682933120031029,TE12,0.17915211968463068
1.9800000000000002,0.18974569153093704,1.0,1.0,0.6821902711466232,TE12,0.17744493269453115
2.0,0.18784823461562766,1.0,1.0,0.6814529701383076,TE12,0.17573311740460845
